ıııııı,as
ııııııııı,I
ııııııııı    ,his
ıııııı    ,that
ııııııııı,he
ııı    ıııııı    ,was
ıııııı    ,for
ııı,on
ıııııııııııı,are
ııııııııı,with
ııııııııı,they
ııı    ııı    ııı,be
ıııııııııııı    ,at
ııı    ,one
ııııııııı    ııı,have
ııııııııı,this
ııı    ııı    ,from
     ï¿½ï¿½,by
    ï¿½ï¿½ï¿½,hot
     ï¿½ï¿½ï¿½ï¿½ï¿½,word
ıııııııııııı,but
ııııııııı,what
    ï¿½,some
ııı    ııı    ,is
ııı    ,it
ıııııııııııı,you
ııııııııı    ,or
ııı    ıııııı    ,had
    ,the
ııııııııı,of
ıııııııııııı,to
ıııııı    ııı,and
ııı    ,a
ııııııııı,in
ııııııııı,we
        ï¿½ï¿½ï¿½ï,can
ıııııııııııııııııı,out
ııııııııı,other
ııı    ııııııııı,were
ııı    ,which
